МОСКВА,Москва,http://193.7.160.230/web/osio/meteogram/MOSKWA.png
ВОЛОКОЛАМСК,Волоколамск,http://193.7.160.230/web/osio/meteogram/WOLOKOLAMSK.png
ВОСКРЕСЕНСК,Воскресенск,http://193.7.160.230/web/osio/meteogram/WOSKRESENSK.png
ГОРКИ ЛЕНИНСКИЕ,Горки_Ленинские,http://193.7.160.230/web/osio/meteogram/GORKI_LENINSKIE.png
ДМИТРОВ,Дмитров,http://193.7.160.230/web/osio/meteogram/DMITROW.png
ДОЛГОПРУДНЫЙ,Долгопрудный,http://193.7.160.230/web/osio/meteogram/DOLGOPRUDNYJ.png
МОСКВА (БУТОВО),Москва (Бутово),http://193.7.160.230/web/osio/meteogram/BUTOVO.png
МОСКВА (ВНУКОВО),Москва (Внуково),http://193.7.160.230/web/osio/meteogram/WNUKOWO.png
ДОМОДЕДОВО,Домодедово,http://193.7.160.230/web/osio/meteogram/DOMODEDOWO.png
ЕГОРЬЕВСК,Егорьевск,http://193.7.160.230/web/osio/meteogram/EGORXEWSK.png
ЖЕЛЕЗНОДОРОЖНЫЙ,Железнодорожный,http://193.7.160.230/web/osio/meteogram/GELEZNODOROGNYJ.png
ЗАРАЙСК,Зарайск,http://193.7.160.230/web/osio/meteogram/ZARAYSK.png
КАШИРА,Кашира,http://193.7.160.230/web/osio/meteogram/KASIRA.png
КЛИН,Клин,http://193.7.160.230/web/osio/meteogram/KLIN.png
КОЛОМНА,Коломна,http://193.7.160.230/web/osio/meteogram/KOLOMNA.png
КРАСНОГОРСК,Красногорск,http://193.7.160.230/web/osio/meteogram/KRASNOGORSK.png
ЛЮБЕРЦЫ,Люберцы,http://193.7.160.230/web/osio/meteogram/LUBERCY.png
ВЯЗЬМА,Вязьма,http://193.7.160.230/web/osio/meteogram/VJAZMA.png
ЛУГОВАЯ,Луговая,http://193.7.160.230/web/osio/meteogram/LUGOVAYA.png
ЛУХОВИЦЫ,Луховицы,http://193.7.160.230/web/osio/meteogram/LUHOVICY.png
МЕЛИХОВО,Мелихово,http://193.7.160.230/web/osio/meteogram/MELIHOVO.png
МИХАЙЛОВСКОЕ,Михайловское,http://193.7.160.230/web/osio/meteogram/MIHAJLOVSKOE.png
МИХНЕВО,Михнево,http://193.7.160.230/web/osio/meteogram/MIHNEVO.png
МОЖАЙСК,Можайск,http://193.7.160.230/web/osio/meteogram/MOZAJSK.png
МОСКВА (БАЛЧУГ),Москва (Балчуг),http://193.7.160.230/web/osio/meteogram/MOSKWA_BALCHUG.png
МОСКВА (МГУ),Москва (МГУ),http://193.7.160.230/web/osio/meteogram/MSU(MOSCOW).png
МОСКВА (СТРОГИНО),Москва(Строгино),http://193.7.160.230/web/osio/meteogram/STROGINO(MOSCOW).png
МОСКВА (ТУШИНО),Москва (Тушино),http://193.7.160.230/web/osio/meteogram/TUSHINO.png
НАРО-ФОМИНСК,Наро-Фоминск,http://193.7.160.230/web/osio/meteogram/NARO-FOMINSK.png
НЕМЧИНОВКА,Немчиновка,http://193.7.160.230/web/osio/meteogram/NEMCHINOWKA.png
НОВО-ИЕУРУСАЛИМ,Ново-Иерусалим,http://193.7.160.230/web/osio/meteogram/NOVO-JERUSALIM.png
ПАВЛОВСКИЙ ПОСАД,Павловский Посад,http://193.7.160.230/web/osio/meteogram/PAWLOWSKIJ_POSAD.png
ПОДМОСКОВНАЯ,Подмосковная,http://193.7.160.230/web/osio/meteogram/PODMOSKOWNAQ.png
ПУШКИНО,Пушкино,http://193.7.160.230/web/osio/meteogram/PUSHKINO.png
СЕРГИЕВ ПОСАД,Сергиев Посад,http://193.7.160.230/web/osio/meteogram/SERGIEV_POSAD.png
СЕРЕБРЯНЫЕ ПРУДЫ,Серебряные Пруды,http://193.7.160.230/web/osio/meteogram/SEREBRYNYE_PRUDY.png
СЕРПУХОВ,Серпухов,http://193.7.160.230/web/osio/meteogram/SERPUHOW.png
СОЛНЕЧНОГОРСК,Солнечногорск,http://193.7.160.230/web/osio/meteogram/SOLNECHNOGORSK.png
ТАЛДОМ,Талдом,http://193.7.160.230/web/osio/meteogram/TALDOM.png
ТОЛСТОПАЛЬЦЕВО,Толстопальцево,http://193.7.160.230/web/osio/meteogram/TOLSTOPALCEVO.png
ЧЕРУСТИ,Черусти,http://193.7.160.230/web/osio/meteogram/CHERUSTI.png
ШАХОВСКАЯ,Шаховская,http://193.7.160.230/web/osio/meteogram/SHAHOVSKAYA.png
ШЕРЕМЕТЬЕВО,Шереметьево,http://193.7.160.230/web/osio/meteogram/SHEREMETXEWO.png
ЭЛЕКТРОСТАЛЬ,Электросталь,http://193.7.160.230/web/osio/meteogram/ELECTROSTAL.png
ЭЛЕКТРОУГЛИ,Электроугли,http://193.7.160.230/web/osio/meteogram/ELECTROUGLI.png
БАРАНОВИЧИ,Барановичи,http://193.7.160.230/web/osio/meteogram/BARANOVICHI.png
БЕРЕЗИНСКИЙ ЗАПОВЕДНИК,Березинский Заповедник,http://193.7.160.230/web/osio/meteogram/BEREZINSKI_ZAPOVEDNIK.png
БОБРУЙСК,Бобруйск,http://193.7.160.230/web/osio/meteogram/BOBRUISK.png
БОРИСОВ,Борисов,http://193.7.160.230/web/osio/meteogram/BORISOV.png
БРЕСТ,Брест,http://193.7.160.230/web/osio/meteogram/BREST.png
ВЕРХНЕДВИНСК,Верхнедвинск,http://193.7.160.230/web/osio/meteogram/VERHNEDVINSK.png
ВИТЕБСК,Витебск,http://193.7.160.230/web/osio/meteogram/WITEBSK.png
ВОЛКОВЫСК,Волковыск,http://193.7.160.230/web/osio/meteogram/WOLKOWYSK.png
ВОЛОЖИН,Воложин,http://193.7.160.230/web/osio/meteogram/WOLOVIN.png
ВЫСОКОЕ,Высокое,http://193.7.160.230/web/osio/meteogram/WYSOKOE.png
ГОМЕЛЬ,Гомель,http://193.7.160.230/web/osio/meteogram/GOMEL.png
ГРОДНО,Гродно,http://193.7.160.230/web/osio/meteogram/GRODNO.png
ЖИТКОВИЧИ,Житковичи,http://193.7.160.230/web/osio/meteogram/ZHITCKOVICHI.png
КОСТЮКОВИЧИ,Костюковичи,http://193.7.160.230/web/osio/meteogram/KOSTUCKOVICHI.png
МИНСК,Минск,http://193.7.160.230/web/osio/meteogram/MINSK.png
МОГИЛЕВ,Могилев,http://193.7.160.230/web/osio/meteogram/MOGILEW.png
МСТИСЛАВЛЬ,Мстиславль,http://193.7.160.230/web/osio/meteogram/MSTISLAVL.png
НАРОЧЬ,Нарочь,http://193.7.160.230/web/osio/meteogram/NARO~X.png
НОВОГРУДОК,Новогрудок,http://193.7.160.230/web/osio/meteogram/NOWOGRUDOK.png
ОКТЯБРЬ,Октябрь,http://193.7.160.230/web/osio/meteogram/OKTQBRX.png
ОШМЯНЫ,Ошмяны,http://193.7.160.230/web/osio/meteogram/O%7BMQNY.png
ПИНСК,Пинск,http://193.7.160.230/web/osio/meteogram/PINSK.png
ПОЛЕССКАЯ,Полесская,http://193.7.160.230/web/osio/meteogram/POLESSKAQ.png
АННА,Анна,http://193.7.160.230/web/osio/meteogram/ANNA.png
БЕЛГОРОД,Белгород,http://193.7.160.230/web/osio/meteogram/BELGOROD.png
БОГОРОДИТСКОЕ-ФЕНИНО,Богородитское-Фенино,http://193.7.160.230/web/osio/meteogram/BOGORODITSKOE-FENINO.png
БОГУЧАР,Богучар,http://193.7.160.230/web/osio/meteogram/BOGUCAR.png
БОЛХОВ,Болхов,http://193.7.160.230/web/osio/meteogram/BOLHOW.png
БРЯНСК,Брянск,http://193.7.160.230/web/osio/meteogram/BRJANSK.png
БОРИСОГЛЕБОВСК,Борисоглебовск,http://193.7.160.230/web/osio/meteogram/BORISOGLEBSK.png
ВАЛУЙКИ,Валуйки,http://193.7.160.230/web/osio/meteogram/VALUJKI.png
ВЕРХОВЬЕ,Верховье,http://193.7.160.230/web/osio/meteogram/WERHOWXE.png
ВОРОНЕЖ,Воронеж,http://193.7.160.230/web/osio/meteogram/WORONEZH.png
ГОТНЯ,Готня,http://193.7.160.230/web/osio/meteogram/GOTNJA.png
ДМИТРОВСК-ОРЛОВСКИЙ,Дмитровск-Орловский,http://193.7.160.230/web/osio/meteogram/DMITROWSK-ORLOWSKIJ.png
ЖЕЛЕЗНОГОРСК,Железногорск,http://193.7.160.230/web/osio/meteogram/GELEZNOGORSK.png
ЖЕРДЕВКА,Жердевка,http://193.7.160.230/web/osio/meteogram/ZERDEVKA.png
ЖУКОВКА,Жуковка,http://193.7.160.230/web/osio/meteogram/ZUKOVKA.png
КАМЕННАЯ СТЕПЬ,Каменная Степь,http://193.7.160.230/web/osio/meteogram/KAMENNAJA%20STEP'.png
КАРАЧЕВ,Карачев,http://193.7.160.230/web/osio/meteogram/KARA~EW.png
КИРСАНОВ,Кирсанов,http://193.7.160.230/web/osio/meteogram/KIRSANOV.png
КОНЬ-КОЛОДЕЗЬ,Конь-Колодезь,http://193.7.160.230/web/osio/meteogram/KONX-KOLODEZX.png
КРАСНАЯ ГОРА,Красная Гора,http://193.7.160.230/web/osio/meteogram/KRASNAJA%20GORA.png
КУРСК,Курск,http://193.7.160.230/web/osio/meteogram/KURSK.png
КУРЧАТОВ,Курчатов,http://193.7.160.230/web/osio/meteogram/KUR~ATOW.png
ЛЕВ ТОЛСТОЙ,Лев Толстой,http://193.7.160.230/web/osio/meteogram/LEW%20TOLSTOJ.png
ЛИВНЫ,Ливны,http://193.7.160.230/web/osio/meteogram/LIVNY.png
ЛИПЕЦК,Липецк,http://193.7.160.230/web/osio/meteogram/LIPECK.png
ЛИСКИ,Лиски,http://193.7.160.230/web/osio/meteogram/LISKI.png
МИЧУРИНСК,Мичуринск,http://193.7.160.230/web/osio/meteogram/MICURINSK.png
МОРШАНСК,Моршанск,http://193.7.160.230/web/osio/meteogram/MORSANSK.png
НИЖНЕДЕВИЦК,Нижнедевицк,http://193.7.160.230/web/osio/meteogram/NIVNEDEWICK.png
НОВЫЙ ОСКОЛ,Новый Оскол,http://193.7.160.230/web/osio/meteogram/NOVYJ%20OSKOL.png
ОБЛОВКА,Обловка,http://193.7.160.230/web/osio/meteogram/OBLOWKA.png
ОБОЯНЬ,Обоянь,http://193.7.160.230/web/osio/meteogram/OBOJAN'.png
ОРЕЛ,Орел,http://193.7.160.230/web/osio/meteogram/OREL.png
ПАВЛОВСК,Павловск,http://193.7.160.230/web/osio/meteogram/PAWLOWSK.png
ПОНЫРИ,Поныри,http://193.7.160.230/web/osio/meteogram/PONYRI.png
РЫЛЬСК,Рыльск,http://193.7.160.230/web/osio/meteogram/RYLXSK.png
ТАМБОВ,Тамбов,http://193.7.160.230/web/osio/meteogram/TAMBOW.png
ТИМ,Тим,http://193.7.160.230/web/osio/meteogram/TIM.png
ТРУБЧЕВСК,Трубчевск,http://193.7.160.230/web/osio/meteogram/TRUBCHEVSK.png
ФАТЕЖ,Фатеж,http://193.7.160.230/web/osio/meteogram/FATEV.png
ШУЛЬГИНО,Шульгино,http://193.7.160.230/web/osio/meteogram/SHUL'GINO.png
АБАКАН,Абакан,http://193.7.160.230/web/osio/meteogram/HAKASSKAJA.png
АДЛЕР,Адлер,http://193.7.160.230/web/osio/meteogram/ADLER.png
АЛДАН,Алдан,http://193.7.160.230/web/osio/meteogram/ALDAN.png
АМДЕРМА,Амдерма,http://193.7.160.230/web/osio/meteogram/AMDERMA.png
АНАДЫРЬ,Анадырь,http://193.7.160.230/web/osio/meteogram/ANADYR.png
АНУЧИНО,Анучино,http://193.7.160.230/web/osio/meteogram/ANUCHINO.png
АПАТИТЫ,Апатиты,http://193.7.160.230/web/osio/meteogram/APATITY.png
АРЗАМАС,Арзамас,http://193.7.160.230/web/osio/meteogram/ARZAMAS.png
АРХАНГЕЛЬСК,Архангельск,http://193.7.160.230/web/osio/meteogram/ARHANGELSK.png
АСТРАХАНЬ,Астрахань,http://193.7.160.230/web/osio/meteogram/ASTRAHAN.png
АСТРАХАНКА,Астраханка,http://193.7.160.230/web/osio/meteogram/ASTRAHANKA.png
АРМАВИР,Армавир,http://193.7.160.230/web/osio/meteogram/ARMAVIR.png
АЧИНСК,Ачинск,http://193.7.160.230/web/osio/meteogram/ACHINSK.png
АЯН,Аян,http://193.7.160.230/web/osio/meteogram/AYAN.png
БАЛАШОВ,Балашов,http://193.7.160.230/web/osio/meteogram/BALASHOV.png
БАРАБИНСК,Барабинск,http://193.7.160.230/web/osio/meteogram/BARABINSK.png
БАРНАУЛ,Барнаул,http://193.7.160.230/web/osio/meteogram/BARNAUL.png
БИЙСК,Бийск,http://193.7.160.230/web/osio/meteogram/BIJSK.png
БИЛИБИНО,Билибино,http://193.7.160.230/web/osio/meteogram/BILIBINO.png
БРАТСК,Братск,http://193.7.160.230/web/osio/meteogram/BRATSK.png
БУГУЛЬМА,Бугульма,http://193.7.160.230/web/osio/meteogram/BUGUL'MA.png
БУГУРУСЛАН,Бугуруслан,http://193.7.160.230/web/osio/meteogram/BUGURUSLAN.png
БУЗУЛУК,Бузулук,http://193.7.160.230/web/osio/meteogram/BUZULUK.png
ВЕЛИКИЕ ЛУКИ,Великие луки,http://193.7.160.230/web/osio/meteogram/WELIKIE_LUKI.png
ВЕРХОЯНСК,Верхоянск,http://193.7.160.230/web/osio/meteogram/VERHOJANSK.png
ВИЛЮЙСК,Вилюйск,http://193.7.160.230/web/osio/meteogram/WILJUJSK.png
ВИТИМ,Витим,http://193.7.160.230/web/osio/meteogram/WITIM.png
ВЛАДИВОСТОК,Владивосток,http://193.7.160.230/web/osio/meteogram/WLADIWOSTOK.png
ВЛАДИКАВКАЗ,Владикавказ,http://193.7.160.230/web/osio/meteogram/WLADIKAWKAZ.png
ВОРКУТА,Воркута,http://193.7.160.230/web/osio/meteogram/WORKUTA.png
ВЫКСА,Выкса,http://193.7.160.230/web/osio/meteogram/VYKSA.png
ГАГАРИН,Гагарин,http://193.7.160.230/web/osio/meteogram/GAGARIN.png
ГДОВ,Гдов,http://193.7.160.230/web/osio/meteogram/GDOV.png
ГЛАЗОВ,Глазов,http://193.7.160.230/web/osio/meteogram/GLAZOW.png
ГРОЗНЫЙ,Грозный,http://193.7.160.230/web/osio/meteogram/GROZNYJ.png
ГУСЬ-ХРУСТАЛЬНЫЙ,Гусь-хрустальный,http://193.7.160.230/web/osio/meteogram/GUS-HRUSTALNYJ.png
ДАЛЬНЕРЕЧЕНСК,Дальнереченск,http://193.7.160.230/web/osio/meteogram/DALNERECHENSK.png
ДВИНСКИЙ БЕРЕЗНИК,Двинский Березник,http://193.7.160.230/web/osio/meteogram/DWINSKIJ_BEREZNIK.png
ДЕМИДОВ,Демидов,http://193.7.160.230/web/osio/meteogram/DEMIDOV.png
ДЕРБЕНТ,Дербент,http://193.7.160.230/web/osio/meteogram/DERBENT.png
ОСТРОВ ДИКСОН,Остров Диксон,http://193.7.160.230/web/osio/meteogram/OSTROW_DIKSON.png
ДНО,Дно,http://193.7.160.230/web/osio/meteogram/DNO.png
ЕВПАТОРИЯ,Евпатория,http://193.7.160.230/web/osio/meteogram/YEVPATORIIA.png
ЕКАТЕРИНБУРГ,Екатеринбург,http://193.7.160.230/web/osio/meteogram/EKATERINBURG.png
ЕЛАБУГА,Елабуга,http://193.7.160.230/web/osio/meteogram/ELABUGA.png
ЕЛАТЬМА,Елатьма,http://193.7.160.230/web/osio/meteogram/ELAT'MA.png
ЕЛЕЦ,Елец,http://193.7.160.230/web/osio/meteogram/ELEC.png
ЕЛЬНЯ,Ельня,http://193.7.160.230/web/osio/meteogram/ELNJA.png
ЕНИСЕЙСК,Енисейск,http://193.7.160.230/web/osio/meteogram/ENISEJSK.png
ЕРБОГАЧЕН,Ербогачен,http://193.7.160.230/web/osio/meteogram/ERBOGACEN.png
ЕФРЕМОВ,Ефремов,http://193.7.160.230/web/osio/meteogram/EFREMOV.png
ЖИГАНСК,Жиганск,http://193.7.160.230/web/osio/meteogram/ZHIGANSK.png
ЖИЗДРА,Жиздра,http://193.7.160.230/web/osio/meteogram/ZIZDRA.png
ЗЕЯ,Зея,http://193.7.160.230/web/osio/meteogram/ZEJA.png
ЗИМА,Зима,http://193.7.160.230/web/osio/meteogram/ZIMA.png
ЗЛАТОУСТ,Златоуст,http://193.7.160.230/web/osio/meteogram/ZLATOUST.png
ЗМЕИНОГОРСК,Змеиногорск,http://193.7.160.230/web/osio/meteogram/ZMEINOGORSK.png
ИВАНОВО,Иваново,http://193.7.160.230/web/osio/meteogram/IWANOWO.png
ИГАРКА,Игарка,http://193.7.160.230/web/osio/meteogram/IGARKA.png
ИЖЕВСК,Ижевск,http://193.7.160.230/web/osio/meteogram/IZHEWSK.png
ИРКУТСК,Иркутск,http://193.7.160.230/web/osio/meteogram/IRKUTSK.png
ИШИМ,Ишим,http://193.7.160.230/web/osio/meteogram/ISHIM.png
ЙОШКАР-ОЛА,Йошкар-Ола,http://193.7.160.230/web/osio/meteogram/JOSHKAR-OLA.png
КАЗАНЬ,Казань,http://193.7.160.230/web/osio/meteogram/KAZAN.png
КАЛИНИНГРАД,Калининград,http://193.7.160.230/web/osio/meteogram/KALININGRAD.png
КАЛАЧ,Калач,http://193.7.160.230/web/osio/meteogram/KALAC.png
КАЛУГА,Калуга,http://193.7.160.230/web/osio/meteogram/KALUGA.png
КАМЫШИН,Камышин,http://193.7.160.230/web/osio/meteogram/KAMYSIN.png
КАРГОПОЛЬ,Каргополь,http://193.7.160.230/web/osio/meteogram/KARGOPOL.png
КЕМЕРОВО,Кемерово,http://193.7.160.230/web/osio/meteogram/KEMEROWO.png
КЕРЧЬ,Керчь,http://193.7.160.230/web/osio/meteogram/KERCH.png
КЕМЬ,Кемь,http://193.7.160.230/web/osio/meteogram/KEM'-PORT.png
КИНГИСЕПП,Кингисепп,http://193.7.160.230/web/osio/meteogram/KINGISEPP.png
КИСЛОВОДСК,Кисловодск,http://193.7.160.230/web/osio/meteogram/KISLOWODSK.png
КИРЕНСК,Киренск,http://193.7.160.230/web/osio/meteogram/KIRENSK.png
КИРОВ,Киров,http://193.7.160.230/web/osio/meteogram/KIROW.png
КЛЮЧИ,Ключи,http://193.7.160.230/web/osio/meteogram/KLJUCHI.png
КОМСОМОЛЬСК-НА-АМУРЕ,Комсомольск-На-Амуре,http://193.7.160.230/web/osio/meteogram/KOMSOMOLXSK-NA-AMURE.png
КОРСАКОВ,Корсаков,http://193.7.160.230/web/osio/meteogram/KORSAKOW.png
КОСТРОМА,Кострома,http://193.7.160.230/web/osio/meteogram/KOSTROMA.png
КОТЛАС,Котлас,http://193.7.160.230/web/osio/meteogram/KOTLAS.png
КРАСНАЯ ПОЛЯНА,Красная Поляна,http://193.7.160.230/web/osio/meteogram/KRASNAYA POLYANA.png
КРАСНОДАР,Краснодар,http://193.7.160.230/web/osio/meteogram/KRASNODAR.png
КРАСНОЯРСК,Красноярск,http://193.7.160.230/web/osio/meteogram/KRASNOJARSK.png
КРАСНЫЙ ХОЛМ,Красный Холм,http://193.7.160.230/web/osio/meteogram/KRASNYJ HOLM.png
КУЛУНДА,Кулунда,http://193.7.160.230/web/osio/meteogram/KULUNDA.png
КУРГАН,Курган,http://193.7.160.230/web/osio/meteogram/KURGAN.png
КЫЗЫЛ,Кызыл,http://193.7.160.230/web/osio/meteogram/KYZYL.png
КЫЗЫЛ-ОЗЕК,Кызыл-Озек,http://193.7.160.230/web/osio/meteogram/KYZYL-OZEK.png
ЛЕНСК,Ленск,http://193.7.160.230/web/osio/meteogram/LENSK.png
ЛОДЕЙНОЕ ПОЛЕ,Лодейное Поле,http://193.7.160.230/web/osio/meteogram/LODEJNOE POLE.png
МАГАДАН,Магадан,http://193.7.160.230/web/osio/meteogram/MAGADAN.png
МАГНИТОГОРСК,Магнитогорск,http://193.7.160.230/web/osio/meteogram/MAGNITOGORSK.png
МАЙКОП,Майкоп,http://193.7.160.230/web/osio/meteogram/MAJKOP.png
МАЛОЯРОСЛАВЕЦ,Малоярославец,http://193.7.160.230/web/osio/meteogram/MALOJAROSLAVEC.png
МАЛЫЕ КАРМАКУЛЫ,Малые Кармакулы,http://193.7.160.230/web/osio/meteogram/MALYE_KARMAKULY.png
МАМАКАН,Мамакан,http://193.7.160.230/web/osio/meteogram/MAMAKAN.png
МАХАЧКАЛА,Махачкала,http://193.7.160.230/web/osio/meteogram/MAHACHKALA.png
МЕЗЕНЬ,Мезень,http://193.7.160.230/web/osio/meteogram/MEZEN.png
МИНЕРАЛЬНЫЕ ВОДЫ,Минеральные Воды,http://193.7.160.230/web/osio/meteogram/MINERAL'NYE VODY.png
МИНУСИНСК,Минусинск,http://193.7.160.230/web/osio/meteogram/MINUSINSK.png
МИРНЫЙ,Мирный,http://193.7.160.230/web/osio/meteogram/MIRNVY.png
МОЗДОК,Моздок,http://193.7.160.230/web/osio/meteogram/MOZDOK.png
МОНЧЕГОРСК,Мончегорск,http://193.7.160.230/web/osio/meteogram/MONCEGORSK.png
МУРМАНСК,Мурманск,http://193.7.160.230/web/osio/meteogram/MURMANSK.png
МЦЕНСК,Мценск,http://193.7.160.230/web/osio/meteogram/MCENSK.png
НАЗРАНЬ,Назрань,http://193.7.160.230/web/osio/meteogram/MAGAS(NAZRANX).png
НАЛЬЧИК,Нальчик,http://193.7.160.230/web/osio/meteogram/NALCHIK.png
НАРЬЯН-МАР,Нарьян-Мар,http://193.7.160.230/web/osio/meteogram/NARIJAN-MAR.png
НАХОДКА,Находка,http://193.7.160.230/web/osio/meteogram/NAHODKA.png
НЕФТЕЮГАНСК,Нефтеюганск,http://193.7.160.230/web/osio/meteogram/NEFTE`GANSK.png
НЕВЕЛЬСК,Невельск,http://193.7.160.230/web/osio/meteogram/NEWELXSK.png
НЕРЧИНСК,Нерчинск,http://193.7.160.230/web/osio/meteogram/NERCINSK.png
НИЖНИЙ ТАГИЛ,Нижний Тагил,http://193.7.160.230/web/osio/meteogram/NIZHNIJ_TAGIL.png
НИЖНЕВАРТОВСК,Нижневартовск,http://193.7.160.230/web/osio/meteogram/NIVNEWARTOWSK.png
НИЖНИЙ НОВГОРОД,Нижний Новгород,http://193.7.160.230/web/osio/meteogram/NIZHNIJ_NOWGOROD.png
НИКОЛАЕВСК-НА-АМУРЕ,Николаевск-На-Амуре,http://193.7.160.230/web/osio/meteogram/NIKOLAEVSK-NA-AMURE.png
НОВГОРОД,Новгород,http://193.7.160.230/web/osio/meteogram/NOWGOROD.png
НОВОКУЗНЕЦК,Новокузнецк,http://193.7.160.230/web/osio/meteogram/NOWOKUZNETSK.png
НОВОРОССИЙСК,Новороссийск,http://193.7.160.230/web/osio/meteogram/NOWOROSSIJSK.png
НОВОСИБИРСК,Новосибирск,http://193.7.160.230/web/osio/meteogram/NOVOSIBIRSK.png
НОВО-ИЕРУСАЛИМ,Ново-Иерусалим,http://193.7.160.230/web/osio/meteogram/NOVO-JERUSALIM.png
НОВЫЙ УРЕНГОЙ,Новый Уренгой,http://193.7.160.230/web/osio/meteogram/NOWYJ_URENGOJ.png
НОРИЛЬСК,Норильск,http://193.7.160.230/web/osio/meteogram/NORIL'SK.png
НОГЛИКИ,Ноглики,http://193.7.160.230/web/osio/meteogram/NOGLIKI.png
НОЯБРЬСК,Ноябрьск,http://193.7.160.230/web/osio/meteogram/NOQBRXSK.png
НЮРБА,Нюрба,http://193.7.160.230/web/osio/meteogram/NJURBA.png
НЯНДОМА,Няндома,http://193.7.160.230/web/osio/meteogram/NJANDOMA.png
ОЙМЯКОН,Оймякон,http://193.7.160.230/web/osio/meteogram/OJMJAKON.png
ОЛЕНЕК,Оленек,http://193.7.160.230/web/osio/meteogram/OLENEK.png
ОЛЕКМИНСК,Олекминск,http://193.7.160.230/web/osio/meteogram/OLEKMINSK.png
ОМСК,Омск,http://193.7.160.230/web/osio/meteogram/OMSK.png
ОПОЧКА,Опочка,http://193.7.160.230/web/osio/meteogram/OPO~KA.png
ОРЕЛ,Орел,http://193.7.160.230/web/osio/meteogram/OREL.png
ОРЕНБУРГ,Оренбург,http://193.7.160.230/web/osio/meteogram/ORENBURG.png
ОРСК,Орск,http://193.7.160.230/web/osio/meteogram/ORSK.png
ОСТАШКОВ,Осташков,http://193.7.160.230/web/osio/meteogram/OSTASHKOW.png
ОХОТСК,Охотск,http://193.7.160.230/web/osio/meteogram/OHOTSK.png
ОХА,Оха,http://193.7.160.230/web/osio/meteogram/OHA.png
ПАВЛОВСКИЙ ПОСАД,Павловский Посад,http://193.7.160.230/web/osio/meteogram/PAWLOWSKIJ_POSAD.png
ПЕВЕК,Певек,http://193.7.160.230/web/osio/meteogram/PEWEK.png
ПЕНЗА,Пенза,http://193.7.160.230/web/osio/meteogram/PENZA.png
ПАВЛОВО,Павлово,http://193.7.160.230/web/osio/meteogram/PAWLOWO.png
ПЕРЕСЛАВЛЬ-ЗАЛЕССКИЙ,Переславль-Залесский,http://193.7.160.230/web/osio/meteogram/PERESLAWLX-ZALESSK.png
ПЕРМЬ,Пермь,http://193.7.160.230/web/osio/meteogram/PERM.png
ПЕСТОВО,Пестово,http://193.7.160.230/web/osio/meteogram/PESTOVO.png
ПЕТРОЗАВОДСК,Петрозаводск,http://193.7.160.230/web/osio/meteogram/PETROZAWODSK.png
ПЕТРОПАВЛОВСК-КАМЧАТСКИЙ,Петропавловск-Камчатский,http://193.7.160.230/web/osio/meteogram/PETROPAWLOWSK-KAMCHATSKI.png
ПЕЧОРА,Печора,http://193.7.160.230/web/osio/meteogram/PECHORA.png
ПОГРАНИЧНЫЙ,Пограничный,http://193.7.160.230/web/osio/meteogram/POGRANICHNYJ.png
ПОРОНАЙСК,Поронайск,http://193.7.160.230/web/osio/meteogram/PORONAJSK.png
ПСКОВ,Псков,http://193.7.160.230/web/osio/meteogram/PSKOW.png
ПУШКИНСКИЕ ГОРЫ,Пушкинские горы,http://193.7.160.230/web/osio/meteogram/PUSKINSKIE GORY.png
РОСЛАВЛЬ,Рославль,http://193.7.160.230/web/osio/meteogram/ROSLAWL.png
РОСТОВ-НА-ДОНУ,Ростов-на-дону,http://193.7.160.230/web/osio/meteogram/ROSTOW-NA-DONU.png
РУБЦОВСК,Рубцовск,http://193.7.160.230/web/osio/meteogram/RUBCOVSK.png
РЫБИНСК,Рыбинск,http://193.7.160.230/web/osio/meteogram/RYBINSK.png
РЯЗАНЬ,Рязань,http://193.7.160.230/web/osio/meteogram/RJAZAN.png
РЯЖСК,Ряжск,http://193.7.160.230/web/osio/meteogram/RJAZSK.png
САЛЕХАРД,Салехард,http://193.7.160.230/web/osio/meteogram/SALEHARD.png
САМАРА,Самара,http://193.7.160.230/web/osio/meteogram/SAMARA.png
САНКТ-ПЕТЕРБУРГ,Санкт-Петербург,http://193.7.160.230/web/osio/meteogram/ST_PETERBURG.png
САРАНСК,Саранск,http://193.7.160.230/web/osio/meteogram/SARANSK.png
САРАТОВ,Саратов,http://193.7.160.230/web/osio/meteogram/SARATOW.png
СЕВАСТОПОЛЬ,Севастополь,http://193.7.160.230/web/osio/meteogram/SEWASTOPOLX.png
СЕЙМЧАН,Сеймчан,http://193.7.160.230/web/osio/meteogram/SEJMCHAN.png
СИМФЕРОПОЛЬ,Симферополь,http://193.7.160.230/web/osio/meteogram/SIMFEROPOL'.png
СМОЛЕНСК,Смоленск,http://193.7.160.230/web/osio/meteogram/SMOLENSK.png
СОВЕТСК,Советск,http://193.7.160.230/web/osio/meteogram/SOWETSK.png
СОВЕТСКАЯ ГАВАНЬ,Советская Гавань,http://193.7.160.230/web/osio/meteogram/SOVETSKAYA_GAVAN'.png
СОЧИ,Сочи,http://193.7.160.230/web/osio/meteogram/SOTCHI.png
СРЕДНЕКОЛЫМСК,Среднеколымск,http://193.7.160.230/web/osio/meteogram/SREDNE-KOLYMSK.png
СТАВРОПОЛЬ,Ставрополь,http://193.7.160.230/web/osio/meteogram/STAWROPOL.png
СТАРЫЙ ОСКОЛ,Старый Оскол,http://193.7.160.230/web/osio/meteogram/STARY OSKOL.png
СУРГУТ,Сургут,http://193.7.160.230/web/osio/meteogram/SURGUT.png
СУХИНИЧИ,Сухиничи,http://193.7.160.230/web/osio/meteogram/SUHINICHI.png
СУЩЕВО,Сущево,http://193.7.160.230/web/osio/meteogram/SU}EWO.png
СЫКТЫВКАР,Сыктывкар,http://193.7.160.230/web/osio/meteogram/SYKTYWKAR.png
ТАГАНРОГ,Таганрог,http://193.7.160.230/web/osio/meteogram/TAGANROG.png
ПУНКТ ТАЙШЕТ,Пункт Тайшет,http://193.7.160.230/web/osio/meteogram/TAJSHET.png
ТВЕРЬ,Тверь,http://193.7.160.230/web/osio/meteogram/TWER.png
ТЕРИБЕРКА,Териберка,http://193.7.160.230/web/osio/meteogram/TERIBERKA.png
ТЕРНЕЙ,Терней,http://193.7.160.230/web/osio/meteogram/TERNEJ.png
ТИКСИ,Тикси,http://193.7.160.230/web/osio/meteogram/TIKSI.png
ТИХВИН,Тихвин,http://193.7.160.230/web/osio/meteogram/TIHWIN.png
ТОБОЛЬСК,Тобольск,http://193.7.160.230/web/osio/meteogram/TOBOLSK.png
ТОЛЬЯТТИ,Тольятти,http://193.7.160.230/web/osio/meteogram/TOLXQTTI.png
ТОМСК,Томск,http://193.7.160.230/web/osio/meteogram/TOMSK.png
ТОРОПЕЦ,Торопец,http://193.7.160.230/web/osio/meteogram/TOROPEC.png
ТУАПСЕ,Туапсе,http://193.7.160.230/web/osio/meteogram/TUAPSE.png
ТУЛА,Тула,http://193.7.160.230/web/osio/meteogram/TULA.png
ТУЛУН,Тулун,http://193.7.160.230/web/osio/meteogram/TULUN.png
ТУРА,Тура,http://193.7.160.230/web/osio/meteogram/TURA.png
ТЫНДА,Тында,http://193.7.160.230/web/osio/meteogram/TYNDA.png
ТЮМЕНЬ,Тюмень,http://193.7.160.230/web/osio/meteogram/TJUMEN.png
УЛАН-УДЭ,Улан-Удэ,http://193.7.160.230/web/osio/meteogram/ULAN-UDE.png
УЛЬЯНОВСК,Ульяновск,http://193.7.160.230/web/osio/meteogram/ULYANOWSK.png
УРЮПИНСК,Урюпинск,http://193.7.160.230/web/osio/meteogram/URJUPINSK.png
УСТЬ-ИЛИМСК,Усть-Илимск,http://193.7.160.230/web/osio/meteogram/UST'-ILIMSK.png
УСТЬ-ИШИМ,Усть-Ишим,http://193.7.160.230/web/osio/meteogram/UST-ISHIM.png
УСТЬ-КУТ,Усть-Кут,http://193.7.160.230/web/osio/meteogram/USTX-KUT.png
УФА,Уфа,http://193.7.160.230/web/osio/meteogram/UFA.png
УХТА,Ухта,http://193.7.160.230/web/osio/meteogram/UHTA.png
МЫС УЭЛЕН,Мыс Уэлен,http://193.7.160.230/web/osio/meteogram/MYS_UELEN.png
ФЕОДОСИЯ,Феодосия,http://193.7.160.230/web/osio/meteogram/FEODOSIIA.png
ХАБАРОВСК,Хабаровск,http://193.7.160.230/web/osio/meteogram/HABAROWSK.png
ХАНТЫ-МАНСИЙСК,Ханты-Мансийск,http://193.7.160.230/web/osio/meteogram/HANTY-MANSIJSK.png
ХАТАНГА,Хатанга,http://193.7.160.230/web/osio/meteogram/HATANGA.png
ХОЛМ,Холм,http://193.7.160.230/web/osio/meteogram/HOLM.png
ЦИМЛЯНСК,Цимлянск,http://193.7.160.230/web/osio/meteogram/CIMLJANSK.png
ЧАЙКОВСКИЙ,Чайковский,http://193.7.160.230/web/osio/meteogram/~AJKOWSKIJ.png
ЧЕБОКСАРЫ,Чебоксары,http://193.7.160.230/web/osio/meteogram/CHEBOKSARY.png
ЧЕЛЯБИНСК,Челябинск,http://193.7.160.230/web/osio/meteogram/CHELJABINSK.png
ЧЕРДЫНЬ,Чердынь,http://193.7.160.230/web/osio/meteogram/CHERDYN'.png
ЧЕРЕПОВЕЦ,Череповец,http://193.7.160.230/web/osio/meteogram/CHEREPOWEC.png
ЧЕРКЕССК,Черкесск,http://193.7.160.230/web/osio/meteogram/CHERKESSK.png
ЧЕРНЯХОВСК,Черняховск,http://193.7.160.230/web/osio/meteogram/CHERNJAHOWSK.png
ЧИСТОПОЛЬ,Чистополь,http://193.7.160.230/web/osio/meteogram/CHISTOPOL.png
ЧИТА,Чита,http://193.7.160.230/web/osio/meteogram/CHITA.png
ШАРЬЯ,Шарья,http://193.7.160.230/web/osio/meteogram/SAR'JA.png
ЭЛИСТА,Элиста,http://193.7.160.230/web/osio/meteogram/ELISTA.png
ШАХУНЬЯ,Шахунья,http://193.7.160.230/web/osio/meteogram/SAKUN'JA.png
ЮЖНО-КУРИЛЬСК,Южно-Курильск,http://193.7.160.230/web/osio/meteogram/JUZHNO-KURIL'SK.png
ЮЖНО-САХАЛИНСК,Южно-Сахалинск,http://193.7.160.230/web/osio/meteogram/JUZHNO-SAHALINSK.png
ЮРЬЕВ-ПОЛЬСКИЙ,Юрьев-Польский,http://193.7.160.230/web/osio/meteogram/JURJEW-POLSKIJ.png
ЯКУТСК,Якутск,http://193.7.160.230/web/osio/meteogram/JAKUTSK.png
ЯЛТА,Ялта,http://193.7.160.230/web/osio/meteogram/YALTA.png
ВЕТЛУГА,Ветлуга,http://193.7.160.230/web/osio/meteogram/VETLUGA.png
ЯРОСЛАВЛЬ,Ярославль,http://193.7.160.230/web/osio/meteogram/JAROSLAWL.png
COUNTRY,Город,http://193.7.160.230/web/osio/meteogram/city.png